<?xml version="1.0" encoding="UTF-8"?>
<tour start="node2" apprev="18080" appversion="6.1.13">
  <panorama id="node1">
    <input levelingroll="0" levelbiashidpi="1.000" leveltileurl="tiles/node1/cf_%c/l_%l/c_%x/tile_%y.jpg" height="2500" levelingpitch="0" levelbias="0.400" width="2500" overlap="1" leveltilesize="510">
      <level preload="0" height="2500" predecode="0" width="2500"/>
      <level preload="0" height="1250" predecode="0" width="1250"/>
      <level preload="0" height="625" predecode="0" width="625"/>
      <level preload="1" height="312" predecode="1" width="312"/>
      <preview strip="1" color="0x808080"/>
    </input>
    <view pannorth="0" fovmode="0">
      <start pan="9.67" tilt="0.33" projection="4" fov="94.8"/>
      <flyin pan="9.67" tilt="0.33" projection="4" fov="94.8"/>
      <min pan="0" tilt="-90" fovpixel="2"/>
      <max pan="360" tilt="90" scaletofit="1" fovfisheye="360" fov="120" fovstereographic="270"/>
    </view>
    <userdata tags="WIZKI" title="" copyright="" comment="" info="" customnodeid="" datetime="04.10.2023 09:03" source="" longitude="" description="" nodeid="node1" heading="0" latitude="" author=""/>
    <hotspots wordwrap="1" height="20" width="180">
      <label backgroundalpha="1" border="1" wordwrap="1" background="1" height="20" textalpha="1" borderradius="1" enabled="1" borderalpha="1" bordercolor="0x000000" backgroundcolor="0xffffff" textcolor="0x000000" width="180"/>
      <polystyle backgroundalpha="0.25098" borderalpha="1" bordercolor="0x0000ff" mode="0" backgroundcolor="0x0000ff" handcursor="1"/>
      <hotspot pan="-158.88" title="Room" target="" tilt="-12.56" url="{node2}" id="Point01" description="" skinid="ht_node"/>
    </hotspots>
    <media/>
    <transition blendtime="1" zoomfov="20" zoomoutpause="1" zoomin="0" blendcolor="0x000000" zoomspeed="2" enabled="1" zoomafterinfov="90" zoomafteroutfov="20" type="crossdissolve" softedge="0" zoomout="0"/>
    <autorotate delay="5.00" noderandom="1" speed="0.100" startloaded="0" returntohorizon="0.000" enabled="1" nodedelay="0.00" nodefilter="" useanimation="0"/>
    <animation useinautorotation="0" syncanimationwithvideo="0" animsequence="Animation01"/>
    <control lockedkeyboardzoom="0" rubberband="0" contextvr="1" hideabout="0" lockedkeyboard="0" dblclickfullscreen="0" contextfullscreen="1" invertwheel="0" sensitivity="8" lockedwheel="0" simulatemass="1" lockedmouse="0" speedwheel="1" contextprojections="0" invertcontrol="1"/>
  </panorama>
  <panorama id="node2">
    <input levelingroll="0" levelbiashidpi="1.000" leveltileurl="tiles/node2/cf_%c/l_%l/c_%x/tile_%y.jpg" height="2500" levelingpitch="0" levelbias="0.400" width="2500" overlap="1" leveltilesize="510">
      <level preload="0" height="2500" predecode="0" width="2500"/>
      <level preload="0" height="1250" predecode="0" width="1250"/>
      <level preload="0" height="625" predecode="0" width="625"/>
      <level preload="1" height="312" predecode="1" width="312"/>
      <preview strip="1" color="0x808080"/>
    </input>
    <view pannorth="0" fovmode="0">
      <start pan="-41.65" tilt="-0.23" projection="4" fov="106.33"/>
      <flyin pan="-41.65" tilt="-0.23" projection="4" fov="106.33"/>
      <min pan="0" tilt="-90" fovpixel="2"/>
      <max pan="360" tilt="90" scaletofit="1" fovfisheye="360" fov="120" fovstereographic="270"/>
    </view>
    <userdata tags="WIZKI" title="" copyright="" comment="" info="" customnodeid="" datetime="04.10.2023 01:49" source="" longitude="" description="" nodeid="node2" heading="0" latitude="" author=""/>
    <hotspots wordwrap="1" height="20" width="180">
      <label backgroundalpha="1" border="1" wordwrap="1" background="1" height="20" textalpha="1" borderradius="1" enabled="1" borderalpha="1" bordercolor="0x000000" backgroundcolor="0xffffff" textcolor="0x000000" width="180"/>
      <polystyle backgroundalpha="0.25098" borderalpha="1" bordercolor="0x0000ff" mode="0" backgroundcolor="0x0000ff" handcursor="1"/>
      <hotspot pan="-281.45" title="Bathroom" target="" tilt="-1.68" url="{node1}" id="Point01" description="" skinid="ht_node"/>
    </hotspots>
    <media/>
    <transition blendtime="1" zoomfov="20" zoomoutpause="1" zoomin="0" blendcolor="0x000000" zoomspeed="2" enabled="1" zoomafterinfov="90" zoomafteroutfov="20" type="crossdissolve" softedge="0" zoomout="0"/>
    <autorotate delay="5.00" noderandom="1" speed="0.100" startloaded="0" returntohorizon="0.000" enabled="1" nodedelay="0.00" nodefilter="" useanimation="0"/>
    <animation useinautorotation="0" syncanimationwithvideo="0" animsequence="Animation01"/>
    <control lockedkeyboardzoom="0" rubberband="0" contextvr="1" hideabout="0" lockedkeyboard="0" dblclickfullscreen="0" contextfullscreen="1" invertwheel="0" sensitivity="8" lockedwheel="0" simulatemass="1" lockedmouse="0" speedwheel="1" contextprojections="0" invertcontrol="1"/>
  </panorama>
  <masternode>
    <userdata tags="" title="" copyright="" comment="" info="" customnodeid="" datetime="" source="" longitude="" description="" nodeid="master" heading="0" latitude="" author=""/>
  </masternode>
</tour>
